age,credit_score,balance,tenure,products,is_active,churn
18,300,0.0,0,1,0,1
25,313,231.0,3,2,1,1
32,326,462.0,6,3,0,1
39,339,693.0,9,4,1,1
46,352,924.0,1,1,0,1
53,365,1155.0,4,2,1,1
60,378,1386.0,7,3,0,1
67,391,1617.0,10,4,1,1
74,404,1848.0,2,1,0,1
21,417,2079.0,5,2,1,1
28,430,2310.0,8,3,0,1
35,443,2541.0,0,4,1,1
42,456,2772.0,3,1,0,1
49,469,3003.0,6,2,1,1
56,482,3234.0,9,3,0,1
63,495,3465.0,1,4,1,1
70,508,3696.0,4,1,0,1
77,521,3927.0,7,2,1,0
24,534,4158.0,10,3,0,0
31,547,4389.0,2,4,1,0
38,560,4620.0,5,1,0,0
45,573,4851.0,8,2,1,0
52,586,5082.0,0,3,0,0
59,599,5313.0,3,4,1,0
66,612,5544.0,6,1,0,1
73,625,5775.0,9,2,1,0
20,638,6006.0,1,3,0,0
27,651,6237.0,4,4,1,0
34,664,6468.0,7,1,0,0
41,677,6699.0,10,2,1,0
48,690,6930.0,2,3,0,0
55,703,7161.0,5,4,1,0
62,716,7392.0,8,1,0,1
69,729,7623.0,0,2,1,0
76,742,7854.0,3,3,0,0
23,755,8085.0,6,4,1,0
30,768,8316.0,9,1,0,0
37,781,8547.0,1,2,1,0
44,794,8778.0,4,3,0,0
51,807,9009.0,7,4,1,0
58,820,9240.0,10,1,0,1
65,833,9471.0,2,2,1,0
72,846,9702.0,5,3,0,0
19,308,9933.0,8,4,1,1
26,321,10164.0,0,1,0,1
33,334,10395.0,3,2,1,1
40,347,10626.0,6,3,0,1
47,360,10857.0,9,4,1,1
54,373,11088.0,1,1,0,1
61,386,11319.0,4,2,1,1
68,399,11550.0,7,3,0,1
75,412,11781.0,10,4,1,1
22,425,12012.0,2,1,0,1
29,438,12243.0,5,2,1,1
36,451,12474.0,8,3,0,1
43,464,12705.0,0,4,1,1
50,477,12936.0,3,1,0,1
57,490,13167.0,6,2,1,1
64,503,13398.0,9,3,0,0
71,516,13629.0,1,4,1,0
18,529,13860.0,4,1,0,0
25,542,14091.0,7,2,1,0
32,555,14322.0,10,3,0,0
39,568,14553.0,2,4,1,0
46,581,14784.0,5,1,0,0
53,594,15015.0,8,2,1,0
60,607,15246.0,0,3,0,0
67,620,15477.0,3,4,1,0
74,633,15708.0,6,1,0,1
21,646,15939.0,9,2,1,0
28,659,16170.0,1,3,0,0
35,672,16401.0,4,4,1,0
42,685,16632.0,7,1,0,0
49,698,16863.0,10,2,1,0
56,711,17094.0,2,3,0,0
63,724,17325.0,5,4,1,0
70,737,17556.0,8,1,0,1
77,750,17787.0,0,2,1,0
24,763,18018.0,3,3,0,0
31,776,18249.0,6,4,1,0
38,789,18480.0,9,1,0,0
45,802,18711.0,1,2,1,0
52,815,18942.0,4,3,0,0
59,828,19173.0,7,4,1,0
66,841,19404.0,10,1,0,1
73,303,19635.0,2,2,1,1
20,316,19866.0,5,3,0,1
27,329,20097.0,8,4,1,1
34,342,20328.0,0,1,0,1
41,355,20559.0,3,2,1,1
48,368,20790.0,6,3,0,1
55,381,21021.0,9,4,1,1
62,394,21252.0,1,1,0,1
69,407,21483.0,4,2,1,1
76,420,21714.0,7,3,0,1
23,433,21945.0,10,4,1,1
30,446,22176.0,2,1,0,1
37,459,22407.0,5,2,1,1
44,472,22638.0,8,3,0,1
51,485,22869.0,0,4,1,1
58,498,23100.0,3,1,0,1
65,511,23331.0,6,2,1,0
72,524,23562.0,9,3,0,0
19,537,23793.0,1,4,1,0
26,550,24024.0,4,1,0,0
33,563,24255.0,7,2,1,0
40,576,24486.0,10,3,0,0
47,589,24717.0,2,4,1,0
54,602,24948.0,5,1,0,0
61,615,25179.0,8,2,1,0
68,628,25410.0,0,3,0,0
75,641,25641.0,3,4,1,0
22,654,25872.0,6,1,0,0
29,667,26103.0,9,2,1,0
36,680,26334.0,1,3,0,0
43,693,26565.0,4,4,1,0
50,706,26796.0,7,1,0,0
57,719,27027.0,10,2,1,0
64,732,27258.0,2,3,0,0
71,745,27489.0,5,4,1,0
18,758,27720.0,8,1,0,0
25,771,27951.0,0,2,1,0
32,784,28182.0,3,3,0,0
39,797,28413.0,6,4,1,0
46,810,28644.0,9,1,0,0
53,823,28875.0,1,2,1,0
60,836,29106.0,4,3,0,0
67,849,29337.0,7,4,1,0
74,311,29568.0,10,1,0,1
21,324,29799.0,2,2,1,1
28,337,30030.0,5,3,0,1
35,350,30261.0,8,4,1,1
42,363,30492.0,0,1,0,1
49,376,30723.0,3,2,1,1
56,389,30954.0,6,3,0,1
63,402,31185.0,9,4,1,1
70,415,31416.0,1,1,0,1
77,428,31647.0,4,2,1,1
24,441,31878.0,7,3,0,1
31,454,32109.0,10,4,1,1
38,467,32340.0,2,1,0,1
45,480,32571.0,5,2,1,1
52,493,32802.0,8,3,0,1
59,506,33033.0,0,4,1,0
66,519,33264.0,3,1,0,1
73,532,33495.0,6,2,1,0
20,545,33726.0,9,3,0,0
27,558,33957.0,1,4,1,0
34,571,34188.0,4,1,0,0
41,584,34419.0,7,2,1,0
48,597,34650.0,10,3,0,0
55,610,34881.0,2,4,1,0
62,623,35112.0,5,1,0,1
69,636,35343.0,8,2,1,0
76,649,35574.0,0,3,0,0
23,662,35805.0,3,4,1,0
30,675,36036.0,6,1,0,0
37,688,36267.0,9,2,1,0
44,701,36498.0,1,3,0,0
51,714,36729.0,4,4,1,0
58,727,36960.0,7,1,0,1
65,740,37191.0,10,2,1,0
72,753,37422.0,2,3,0,0
19,766,37653.0,5,4,1,0
26,779,37884.0,8,1,0,0
33,792,38115.0,0,2,1,0
40,805,38346.0,3,3,0,0
47,818,38577.0,6,4,1,0
54,831,38808.0,9,1,0,0
61,844,39039.0,1,2,1,0
68,306,39270.0,4,3,0,1
75,319,39501.0,7,4,1,1
22,332,39732.0,10,1,0,1
29,345,39963.0,2,2,1,1
36,358,40194.0,5,3,0,1
43,371,40425.0,8,4,1,1
50,384,40656.0,0,1,0,1
57,397,40887.0,3,2,1,1
64,410,41118.0,6,3,0,1
71,423,41349.0,9,4,1,1
18,436,41580.0,1,1,0,1
25,449,41811.0,4,2,1,1
32,462,42042.0,7,3,0,1
39,475,42273.0,10,4,1,1
46,488,42504.0,2,1,0,1
53,501,42735.0,5,2,1,0
60,514,42966.0,8,3,0,0
67,527,43197.0,0,4,1,0
74,540,43428.0,3,1,0,1
21,553,43659.0,6,2,1,0
28,566,43890.0,9,3,0,0
35,579,44121.0,1,4,1,0
42,592,44352.0,4,1,0,0
49,605,44583.0,7,2,1,0
56,618,44814.0,10,3,0,0
63,631,45045.0,2,4,1,0
70,644,45276.0,5,1,0,1
77,657,45507.0,8,2,1,0
24,670,45738.0,0,3,0,0
31,683,45969.0,3,4,1,0
38,696,46200.0,6,1,0,0
45,709,46431.0,9,2,1,0
52,722,46662.0,1,3,0,0
59,735,46893.0,4,4,1,0
66,748,47124.0,7,1,0,1
73,761,47355.0,10,2,1,0
20,774,47586.0,2,3,0,0
27,787,47817.0,5,4,1,0
34,800,48048.0,8,1,0,0
41,813,48279.0,0,2,1,0
48,826,48510.0,3,3,0,0
55,839,48741.0,6,4,1,0
62,301,48972.0,9,1,0,1
69,314,49203.0,1,2,1,1
76,327,49434.0,4,3,0,1
23,340,49665.0,7,4,1,1
30,353,49896.0,10,1,0,1
37,366,50127.0,2,2,1,1
44,379,50358.0,5,3,0,1
51,392,50589.0,8,4,1,1
58,405,50820.0,0,1,0,1
65,418,51051.0,3,2,1,1
72,431,51282.0,6,3,0,1
19,444,51513.0,9,4,1,1
26,457,51744.0,1,1,0,1
33,470,51975.0,4,2,1,1
40,483,52206.0,7,3,0,1
47,496,52437.0,10,4,1,1
54,509,52668.0,2,1,0,0
61,522,52899.0,5,2,1,0
68,535,53130.0,8,3,0,0
75,548,53361.0,0,4,1,0
22,561,53592.0,3,1,0,0
29,574,53823.0,6,2,1,0
36,587,54054.0,9,3,0,0
43,600,54285.0,1,4,1,0
50,613,54516.0,4,1,0,0
57,626,54747.0,7,2,1,0
64,639,54978.0,10,3,0,0
71,652,55209.0,2,4,1,0
18,665,55440.0,5,1,0,0
25,678,55671.0,8,2,1,0
32,691,55902.0,0,3,0,0
39,704,56133.0,3,4,1,0
46,717,56364.0,6,1,0,0
53,730,56595.0,9,2,1,0
60,743,56826.0,1,3,0,0
67,756,57057.0,4,4,1,0
74,769,57288.0,7,1,0,1
21,782,57519.0,10,2,1,0
28,795,57750.0,2,3,0,0
35,808,57981.0,5,4,1,0
42,821,58212.0,8,1,0,0
49,834,58443.0,0,2,1,0
56,847,58674.0,3,3,0,0
63,309,58905.0,6,4,1,1
70,322,59136.0,9,1,0,1
77,335,59367.0,1,2,1,1
24,348,59598.0,4,3,0,1
31,361,59829.0,7,4,1,1
38,374,60060.0,10,1,0,1
45,387,60291.0,2,2,1,1
52,400,60522.0,5,3,0,1
59,413,60753.0,8,4,1,1
66,426,60984.0,0,1,0,1
73,439,61215.0,3,2,1,1
20,452,61446.0,6,3,0,1
27,465,61677.0,9,4,1,1
34,478,61908.0,1,1,0,1
41,491,62139.0,4,2,1,1
48,504,62370.0,7,3,0,0
55,517,62601.0,10,4,1,0
62,530,62832.0,2,1,0,1
69,543,63063.0,5,2,1,0
76,556,63294.0,8,3,0,0
23,569,63525.0,0,4,1,0
30,582,63756.0,3,1,0,0
37,595,63987.0,6,2,1,0
44,608,64218.0,9,3,0,0
51,621,64449.0,1,4,1,0
58,634,64680.0,4,1,0,1
65,647,64911.0,7,2,1,0
72,660,65142.0,10,3,0,0
19,673,65373.0,2,4,1,0
26,686,65604.0,5,1,0,0
33,699,65835.0,8,2,1,0
40,712,66066.0,0,3,0,0
47,725,66297.0,3,4,1,0
54,738,66528.0,6,1,0,0
61,751,66759.0,9,2,1,0
68,764,66990.0,1,3,0,0
75,777,67221.0,4,4,1,0
22,790,67452.0,7,1,0,0
29,803,67683.0,10,2,1,0
36,816,67914.0,2,3,0,0
43,829,68145.0,5,4,1,0
50,842,68376.0,8,1,0,0
57,304,68607.0,0,2,1,1
64,317,68838.0,3,3,0,1
71,330,69069.0,6,4,1,1
18,343,69300.0,9,1,0,1
25,356,69531.0,1,2,1,1
32,369,69762.0,4,3,0,1
39,382,69993.0,7,4,1,1
46,395,70224.0,10,1,0,1
53,408,70455.0,2,2,1,1
60,421,70686.0,5,3,0,1
67,434,70917.0,8,4,1,1
74,447,71148.0,0,1,0,1
21,460,71379.0,3,2,1,1
28,473,71610.0,6,3,0,1
35,486,71841.0,9,4,1,1
42,499,72072.0,1,1,0,1
49,512,72303.0,4,2,1,0
56,525,72534.0,7,3,0,0
63,538,72765.0,10,4,1,0
70,551,72996.0,2,1,0,1
77,564,73227.0,5,2,1,0
24,577,73458.0,8,3,0,0
31,590,73689.0,0,4,1,0
38,603,73920.0,3,1,0,0
45,616,74151.0,6,2,1,0
52,629,74382.0,9,3,0,0
59,642,74613.0,1,4,1,0
66,655,74844.0,4,1,0,1
73,668,75075.0,7,2,1,0
20,681,75306.0,10,3,0,0
27,694,75537.0,2,4,1,0
34,707,75768.0,5,1,0,0
41,720,75999.0,8,2,1,0
48,733,76230.0,0,3,0,0
55,746,76461.0,3,4,1,0
62,759,76692.0,6,1,0,1
69,772,76923.0,9,2,1,0
76,785,77154.0,1,3,0,0
23,798,77385.0,4,4,1,0
30,811,77616.0,7,1,0,0
37,824,77847.0,10,2,1,0
44,837,78078.0,2,3,0,0
51,850,78309.0,5,4,1,0
58,312,78540.0,8,1,0,1
65,325,78771.0,0,2,1,1
72,338,79002.0,3,3,0,1
19,351,79233.0,6,4,1,1
26,364,79464.0,9,1,0,1
33,377,79695.0,1,2,1,1
40,390,79926.0,4,3,0,1
47,403,80157.0,7,4,1,1
54,416,80388.0,10,1,0,1
61,429,80619.0,2,2,1,1
68,442,80850.0,5,3,0,1
75,455,81081.0,8,4,1,1
22,468,81312.0,0,1,0,1
29,481,81543.0,3,2,1,1
36,494,81774.0,6,3,0,1
43,507,82005.0,9,4,1,0
50,520,82236.0,1,1,0,0
57,533,82467.0,4,2,1,0
64,546,82698.0,7,3,0,0
71,559,82929.0,10,4,1,0
18,572,83160.0,2,1,0,0
25,585,83391.0,5,2,1,0
32,598,83622.0,8,3,0,0
39,611,83853.0,0,4,1,0
46,624,84084.0,3,1,0,0
53,637,84315.0,6,2,1,0
60,650,84546.0,9,3,0,0
67,663,84777.0,1,4,1,0
74,676,85008.0,4,1,0,1
21,689,85239.0,7,2,1,0
28,702,85470.0,10,3,0,0
35,715,85701.0,2,4,1,0
42,728,85932.0,5,1,0,0
49,741,86163.0,8,2,1,0
56,754,86394.0,0,3,0,0
63,767,86625.0,3,4,1,0
70,780,86856.0,6,1,0,1
77,793,87087.0,9,2,1,0
24,806,87318.0,1,3,0,0
31,819,87549.0,4,4,1,0
38,832,87780.0,7,1,0,0
45,845,88011.0,10,2,1,0
52,307,88242.0,2,3,0,1
59,320,88473.0,5,4,1,1
66,333,88704.0,8,1,0,1
73,346,88935.0,0,2,1,1
20,359,89166.0,3,3,0,1
27,372,89397.0,6,4,1,1
34,385,89628.0,9,1,0,1
41,398,89859.0,1,2,1,1
48,411,90090.0,4,3,0,1
55,424,90321.0,7,4,1,1
62,437,90552.0,10,1,0,1
69,450,90783.0,2,2,1,1
76,463,91014.0,5,3,0,1
23,476,91245.0,8,4,1,1
30,489,91476.0,0,1,0,1
37,502,91707.0,3,2,1,0
44,515,91938.0,6,3,0,0
51,528,92169.0,9,4,1,0
58,541,92400.0,1,1,0,1
65,554,92631.0,4,2,1,0
72,567,92862.0,7,3,0,0
19,580,93093.0,10,4,1,0
26,593,93324.0,2,1,0,0
33,606,93555.0,5,2,1,0
40,619,93786.0,8,3,0,0
47,632,94017.0,0,4,1,0
54,645,94248.0,3,1,0,0
61,658,94479.0,6,2,1,0
68,671,94710.0,9,3,0,0
75,684,94941.0,1,4,1,0
22,697,95172.0,4,1,0,0
29,710,95403.0,7,2,1,0
36,723,95634.0,10,3,0,0
43,736,95865.0,2,4,1,0
50,749,96096.0,5,1,0,0
57,762,96327.0,8,2,1,0
64,775,96558.0,0,3,0,0
71,788,96789.0,3,4,1,0
18,801,97020.0,6,1,0,0
25,814,97251.0,9,2,1,0
32,827,97482.0,1,3,0,0
39,840,97713.0,4,4,1,0
46,302,97944.0,7,1,0,1
53,315,98175.0,10,2,1,1
60,328,98406.0,2,3,0,1
67,341,98637.0,5,4,1,1
74,354,98868.0,8,1,0,1
21,367,99099.0,0,2,1,1
28,380,99330.0,3,3,0,1
35,393,99561.0,6,4,1,1
42,406,99792.0,9,1,0,1
49,419,100023.0,1,2,1,1
56,432,100254.0,4,3,0,1
63,445,100485.0,7,4,1,1
70,458,100716.0,10,1,0,1
77,471,100947.0,2,2,1,1
24,484,101178.0,5,3,0,1
31,497,101409.0,8,4,1,1
38,510,101640.0,0,1,0,0
45,523,101871.0,3,2,1,0
52,536,102102.0,6,3,0,0
59,549,102333.0,9,4,1,0
66,562,102564.0,1,1,0,1
73,575,102795.0,4,2,1,0
20,588,103026.0,7,3,0,0
27,601,103257.0,10,4,1,0
34,614,103488.0,2,1,0,0
41,627,103719.0,5,2,1,0
48,640,103950.0,8,3,0,0
55,653,104181.0,0,4,1,0
62,666,104412.0,3,1,0,1
69,679,104643.0,6,2,1,0
76,692,104874.0,9,3,0,0
23,705,105105.0,1,4,1,0
30,718,105336.0,4,1,0,0
37,731,105567.0,7,2,1,0
44,744,105798.0,10,3,0,0
51,757,106029.0,2,4,1,0
58,770,106260.0,5,1,0,1
65,783,106491.0,8,2,1,0
72,796,106722.0,0,3,0,0
19,809,106953.0,3,4,1,0
26,822,107184.0,6,1,0,0
33,835,107415.0,9,2,1,0
40,848,107646.0,1,3,0,0
47,310,107877.0,4,4,1,1
54,323,108108.0,7,1,0,1
61,336,108339.0,10,2,1,1
68,349,108570.0,2,3,0,1
75,362,108801.0,5,4,1,1
22,375,109032.0,8,1,0,1
29,388,109263.0,0,2,1,1
36,401,109494.0,3,3,0,1
43,414,109725.0,6,4,1,1
50,427,109956.0,9,1,0,1
57,440,110187.0,1,2,1,1
64,453,110418.0,4,3,0,1
71,466,110649.0,7,4,1,1
18,479,110880.0,10,1,0,1
25,492,111111.0,2,2,1,1
32,505,111342.0,5,3,0,0
39,518,111573.0,8,4,1,0
46,531,111804.0,0,1,0,0
53,544,112035.0,3,2,1,0
60,557,112266.0,6,3,0,0
67,570,112497.0,9,4,1,0
74,583,112728.0,1,1,0,1
21,596,112959.0,4,2,1,0
28,609,113190.0,7,3,0,0
35,622,113421.0,10,4,1,0
42,635,113652.0,2,1,0,0
49,648,113883.0,5,2,1,0
56,661,114114.0,8,3,0,0
63,674,114345.0,0,4,1,0
70,687,114576.0,3,1,0,1
77,700,114807.0,6,2,1,0
24,713,115038.0,9,3,0,0
31,726,115269.0,1,4,1,0
38,739,115500.0,4,1,0,0
45,752,115731.0,7,2,1,0
52,765,115962.0,10,3,0,0
59,778,116193.0,2,4,1,0
66,791,116424.0,5,1,0,1
73,804,116655.0,8,2,1,0
20,817,116886.0,0,3,0,0
27,830,117117.0,3,4,1,0
34,843,117348.0,6,1,0,0
41,305,117579.0,9,2,1,1
48,318,117810.0,1,3,0,1
55,331,118041.0,4,4,1,1
62,344,118272.0,7,1,0,1
69,357,118503.0,10,2,1,1
76,370,118734.0,2,3,0,1
23,383,118965.0,5,4,1,1
30,396,119196.0,8,1,0,1
37,409,119427.0,0,2,1,1
44,422,119658.0,3,3,0,1
51,435,119889.0,6,4,1,1
58,448,120120.0,9,1,0,1
65,461,120351.0,1,2,1,1
72,474,120582.0,4,3,0,1
19,487,120813.0,7,4,1,1
26,500,121044.0,10,1,0,1
33,513,121275.0,2,2,1,0
40,526,121506.0,5,3,0,1
47,539,121737.0,8,4,1,0
54,552,121968.0,0,1,0,1
61,565,122199.0,3,2,1,0
68,578,122430.0,6,3,0,1
75,591,122661.0,9,4,1,0
22,604,122892.0,1,1,0,1
29,617,123123.0,4,2,1,0
36,630,123354.0,7,3,0,1
43,643,123585.0,10,4,1,0
50,656,123816.0,2,1,0,1
57,669,124047.0,5,2,1,0
64,682,124278.0,8,3,0,1
71,695,124509.0,0,4,1,0
18,708,124740.0,3,1,0,1
25,721,124971.0,6,2,1,0
32,734,125202.0,9,3,0,1
39,747,125433.0,1,4,1,0
46,760,125664.0,4,1,0,1
53,773,125895.0,7,2,1,0
60,786,126126.0,10,3,0,1
67,799,126357.0,2,4,1,0
74,812,126588.0,5,1,0,1
21,825,126819.0,8,2,1,0
28,838,127050.0,0,3,0,1
35,300,127281.0,3,4,1,1
42,313,127512.0,6,1,0,1
49,326,127743.0,9,2,1,1
56,339,127974.0,1,3,0,1
63,352,128205.0,4,4,1,1
70,365,128436.0,7,1,0,1
77,378,128667.0,10,2,1,1
24,391,128898.0,2,3,0,1
31,404,129129.0,5,4,1,1
38,417,129360.0,8,1,0,1
45,430,129591.0,0,2,1,1
52,443,129822.0,3,3,0,1
59,456,130053.0,6,4,1,1
66,469,130284.0,9,1,0,1
73,482,130515.0,1,2,1,1
20,495,130746.0,4,3,0,1
27,508,130977.0,7,4,1,0
34,521,131208.0,10,1,0,1
41,534,131439.0,2,2,1,0
48,547,131670.0,5,3,0,1
55,560,131901.0,8,4,1,0
62,573,132132.0,0,1,0,1
69,586,132363.0,3,2,1,0
76,599,132594.0,6,3,0,1
23,612,132825.0,9,4,1,0
30,625,133056.0,1,1,0,1
37,638,133287.0,4,2,1,0
44,651,133518.0,7,3,0,1
51,664,133749.0,10,4,1,0
58,677,133980.0,2,1,0,1
65,690,134211.0,5,2,1,0
72,703,134442.0,8,3,0,1
19,716,134673.0,0,4,1,0
26,729,134904.0,3,1,0,1
33,742,135135.0,6,2,1,0
40,755,135366.0,9,3,0,1
47,768,135597.0,1,4,1,0
54,781,135828.0,4,1,0,1
61,794,136059.0,7,2,1,0
68,807,136290.0,10,3,0,1
75,820,136521.0,2,4,1,0
22,833,136752.0,5,1,0,1
29,846,136983.0,8,2,1,0
36,308,137214.0,0,3,0,1
43,321,137445.0,3,4,1,1
50,334,137676.0,6,1,0,1
57,347,137907.0,9,2,1,1
64,360,138138.0,1,3,0,1
71,373,138369.0,4,4,1,1
18,386,138600.0,7,1,0,1
25,399,138831.0,10,2,1,1
32,412,139062.0,2,3,0,1
39,425,139293.0,5,4,1,1
46,438,139524.0,8,1,0,1
53,451,139755.0,0,2,1,1
60,464,139986.0,3,3,0,1
67,477,140217.0,6,4,1,1
74,490,140448.0,9,1,0,1
21,503,140679.0,1,2,1,0
28,516,140910.0,4,3,0,1
35,529,141141.0,7,4,1,0
42,542,141372.0,10,1,0,1
49,555,141603.0,2,2,1,0
56,568,141834.0,5,3,0,1
63,581,142065.0,8,4,1,0
70,594,142296.0,0,1,0,1
77,607,142527.0,3,2,1,0
24,620,142758.0,6,3,0,1
31,633,142989.0,9,4,1,0
38,646,143220.0,1,1,0,1
45,659,143451.0,4,2,1,0
52,672,143682.0,7,3,0,1
59,685,143913.0,10,4,1,0
66,698,144144.0,2,1,0,1
73,711,144375.0,5,2,1,0
20,724,144606.0,8,3,0,1
27,737,144837.0,0,4,1,0
34,750,145068.0,3,1,0,1
41,763,145299.0,6,2,1,0
48,776,145530.0,9,3,0,1
55,789,145761.0,1,4,1,0
62,802,145992.0,4,1,0,1
69,815,146223.0,7,2,1,0
76,828,146454.0,10,3,0,1
23,841,146685.0,2,4,1,0
30,303,146916.0,5,1,0,1
37,316,147147.0,8,2,1,1
44,329,147378.0,0,3,0,1
51,342,147609.0,3,4,1,1
58,355,147840.0,6,1,0,1
65,368,148071.0,9,2,1,1
72,381,148302.0,1,3,0,1
19,394,148533.0,4,4,1,1
26,407,148764.0,7,1,0,1
33,420,148995.0,10,2,1,1
40,433,149226.0,2,3,0,1
47,446,149457.0,5,4,1,1
54,459,149688.0,8,1,0,1
61,472,149919.0,0,2,1,1
68,485,150150.0,3,3,0,1
75,498,150381.0,6,4,1,1
22,511,150612.0,9,1,0,1
29,524,150843.0,1,2,1,0
36,537,151074.0,4,3,0,1
43,550,151305.0,7,4,1,0
50,563,151536.0,10,1,0,1
57,576,151767.0,2,2,1,0
64,589,151998.0,5,3,0,1
71,602,152229.0,8,4,1,0
18,615,152460.0,0,1,0,1
25,628,152691.0,3,2,1,0
32,641,152922.0,6,3,0,1
39,654,153153.0,9,4,1,0
46,667,153384.0,1,1,0,1
53,680,153615.0,4,2,1,0
60,693,153846.0,7,3,0,1
67,706,154077.0,10,4,1,0
74,719,154308.0,2,1,0,1
21,732,154539.0,5,2,1,0
28,745,154770.0,8,3,0,1
35,758,155001.0,0,4,1,0
42,771,155232.0,3,1,0,1
49,784,155463.0,6,2,1,0
56,797,155694.0,9,3,0,1
63,810,155925.0,1,4,1,0
70,823,156156.0,4,1,0,1
77,836,156387.0,7,2,1,0
24,849,156618.0,10,3,0,1
31,311,156849.0,2,4,1,1
38,324,157080.0,5,1,0,1
45,337,157311.0,8,2,1,1
52,350,157542.0,0,3,0,1
59,363,157773.0,3,4,1,1
66,376,158004.0,6,1,0,1
73,389,158235.0,9,2,1,1
20,402,158466.0,1,3,0,1
27,415,158697.0,4,4,1,1
34,428,158928.0,7,1,0,1
41,441,159159.0,10,2,1,1
48,454,159390.0,2,3,0,1
55,467,159621.0,5,4,1,1
62,480,159852.0,8,1,0,1
69,493,160083.0,0,2,1,1
76,506,160314.0,3,3,0,1
23,519,160545.0,6,4,1,0
30,532,160776.0,9,1,0,1
37,545,161007.0,1,2,1,0
44,558,161238.0,4,3,0,1
51,571,161469.0,7,4,1,0
58,584,161700.0,10,1,0,1
65,597,161931.0,2,2,1,0
72,610,162162.0,5,3,0,1
19,623,162393.0,8,4,1,0
26,636,162624.0,0,1,0,1
33,649,162855.0,3,2,1,0
40,662,163086.0,6,3,0,1
47,675,163317.0,9,4,1,0
54,688,163548.0,1,1,0,1
61,701,163779.0,4,2,1,0
68,714,164010.0,7,3,0,1
75,727,164241.0,10,4,1,0
22,740,164472.0,2,1,0,1
29,753,164703.0,5,2,1,0
36,766,164934.0,8,3,0,1
43,779,165165.0,0,4,1,0
50,792,165396.0,3,1,0,1
57,805,165627.0,6,2,1,0
64,818,165858.0,9,3,0,1
71,831,166089.0,1,4,1,0
18,844,166320.0,4,1,0,1
25,306,166551.0,7,2,1,1
32,319,166782.0,10,3,0,1
39,332,167013.0,2,4,1,1
46,345,167244.0,5,1,0,1
53,358,167475.0,8,2,1,1
60,371,167706.0,0,3,0,1
67,384,167937.0,3,4,1,1
74,397,168168.0,6,1,0,1
21,410,168399.0,9,2,1,1
28,423,168630.0,1,3,0,1
35,436,168861.0,4,4,1,1
42,449,169092.0,7,1,0,1
49,462,169323.0,10,2,1,1
56,475,169554.0,2,3,0,1
63,488,169785.0,5,4,1,1
70,501,170016.0,8,1,0,1
77,514,170247.0,0,2,1,0
24,527,170478.0,3,3,0,1
31,540,170709.0,6,4,1,0
38,553,170940.0,9,1,0,1
45,566,171171.0,1,2,1,0
52,579,171402.0,4,3,0,1
59,592,171633.0,7,4,1,0
66,605,171864.0,10,1,0,1
73,618,172095.0,2,2,1,0
20,631,172326.0,5,3,0,1
27,644,172557.0,8,4,1,0
34,657,172788.0,0,1,0,1
41,670,173019.0,3,2,1,0
48,683,173250.0,6,3,0,1
55,696,173481.0,9,4,1,0
62,709,173712.0,1,1,0,1
69,722,173943.0,4,2,1,0
76,735,174174.0,7,3,0,1
23,748,174405.0,10,4,1,0
30,761,174636.0,2,1,0,1
37,774,174867.0,5,2,1,0
44,787,175098.0,8,3,0,1
51,800,175329.0,0,4,1,0
58,813,175560.0,3,1,0,1
65,826,175791.0,6,2,1,0
72,839,176022.0,9,3,0,1
19,301,176253.0,1,4,1,1
26,314,176484.0,4,1,0,1
33,327,176715.0,7,2,1,1
40,340,176946.0,10,3,0,1
47,353,177177.0,2,4,1,1
54,366,177408.0,5,1,0,1
61,379,177639.0,8,2,1,1
68,392,177870.0,0,3,0,1
75,405,178101.0,3,4,1,1
22,418,178332.0,6,1,0,1
29,431,178563.0,9,2,1,1
36,444,178794.0,1,3,0,1
43,457,179025.0,4,4,1,1
50,470,179256.0,7,1,0,1
57,483,179487.0,10,2,1,1
64,496,179718.0,2,3,0,1
71,509,179949.0,5,4,1,0
18,522,180180.0,8,1,0,1
25,535,180411.0,0,2,1,0
32,548,180642.0,3,3,0,1
39,561,180873.0,6,4,1,0
46,574,181104.0,9,1,0,1
53,587,181335.0,1,2,1,0
60,600,181566.0,4,3,0,1
67,613,181797.0,7,4,1,0
74,626,182028.0,10,1,0,1
21,639,182259.0,2,2,1,0
28,652,182490.0,5,3,0,1
35,665,182721.0,8,4,1,0
42,678,182952.0,0,1,0,1
49,691,183183.0,3,2,1,0
56,704,183414.0,6,3,0,1
63,717,183645.0,9,4,1,0
70,730,183876.0,1,1,0,1
77,743,184107.0,4,2,1,0
24,756,184338.0,7,3,0,1
31,769,184569.0,10,4,1,0
38,782,184800.0,2,1,0,1
45,795,185031.0,5,2,1,0
52,808,185262.0,8,3,0,1
59,821,185493.0,0,4,1,0
66,834,185724.0,3,1,0,1
73,847,185955.0,6,2,1,0
20,309,186186.0,9,3,0,1
27,322,186417.0,1,4,1,1
34,335,186648.0,4,1,0,1
41,348,186879.0,7,2,1,1
48,361,187110.0,10,3,0,1
55,374,187341.0,2,4,1,1
62,387,187572.0,5,1,0,1
69,400,187803.0,8,2,1,1
76,413,188034.0,0,3,0,1
23,426,188265.0,3,4,1,1
30,439,188496.0,6,1,0,1
37,452,188727.0,9,2,1,1
44,465,188958.0,1,3,0,1
51,478,189189.0,4,4,1,1
58,491,189420.0,7,1,0,1
65,504,189651.0,10,2,1,0
72,517,189882.0,2,3,0,1
19,530,190113.0,5,4,1,0
26,543,190344.0,8,1,0,1
33,556,190575.0,0,2,1,0
40,569,190806.0,3,3,0,1
47,582,191037.0,6,4,1,0
54,595,191268.0,9,1,0,1
61,608,191499.0,1,2,1,0
68,621,191730.0,4,3,0,1
75,634,191961.0,7,4,1,0
22,647,192192.0,10,1,0,1
29,660,192423.0,2,2,1,0
36,673,192654.0,5,3,0,1
43,686,192885.0,8,4,1,0
50,699,193116.0,0,1,0,1
57,712,193347.0,3,2,1,0
64,725,193578.0,6,3,0,1
71,738,193809.0,9,4,1,0
18,751,194040.0,1,1,0,1
25,764,194271.0,4,2,1,0
32,777,194502.0,7,3,0,1
39,790,194733.0,10,4,1,0
46,803,194964.0,2,1,0,1
53,816,195195.0,5,2,1,0
60,829,195426.0,8,3,0,1
67,842,195657.0,0,4,1,0
74,304,195888.0,3,1,0,1
21,317,196119.0,6,2,1,1
28,330,196350.0,9,3,0,1
35,343,196581.0,1,4,1,1
42,356,196812.0,4,1,0,1
49,369,197043.0,7,2,1,1
56,382,197274.0,10,3,0,1
63,395,197505.0,2,4,1,1
70,408,197736.0,5,1,0,1
77,421,197967.0,8,2,1,1
24,434,198198.0,0,3,0,1
31,447,198429.0,3,4,1,1
38,460,198660.0,6,1,0,1
45,473,198891.0,9,2,1,1
52,486,199122.0,1,3,0,1
59,499,199353.0,4,4,1,1
66,512,199584.0,7,1,0,1
73,525,199815.0,10,2,1,0
20,538,46.0,2,3,0,0
27,551,277.0,5,4,1,0
34,564,508.0,8,1,0,0
41,577,739.0,0,2,1,0
48,590,970.0,3,3,0,0
55,603,1201.0,6,4,1,0
62,616,1432.0,9,1,0,1
69,629,1663.0,1,2,1,0
76,642,1894.0,4,3,0,0
23,655,2125.0,7,4,1,0
30,668,2356.0,10,1,0,0
37,681,2587.0,2,2,1,0
44,694,2818.0,5,3,0,0
51,707,3049.0,8,4,1,0
58,720,3280.0,0,1,0,1
65,733,3511.0,3,2,1,0
72,746,3742.0,6,3,0,0
19,759,3973.0,9,4,1,0
26,772,4204.0,1,1,0,0
33,785,4435.0,4,2,1,0
40,798,4666.0,7,3,0,0
47,811,4897.0,10,4,1,0
54,824,5128.0,2,1,0,0
61,837,5359.0,5,2,1,0
68,850,5590.0,8,3,0,0
75,312,5821.0,0,4,1,1
22,325,6052.0,3,1,0,1
29,338,6283.0,6,2,1,1
36,351,6514.0,9,3,0,1
43,364,6745.0,1,4,1,1
50,377,6976.0,4,1,0,1
57,390,7207.0,7,2,1,1
64,403,7438.0,10,3,0,1
71,416,7669.0,2,4,1,1
18,429,7900.0,5,1,0,1
25,442,8131.0,8,2,1,1
32,455,8362.0,0,3,0,1
39,468,8593.0,3,4,1,1
46,481,8824.0,6,1,0,1
53,494,9055.0,9,2,1,1
60,507,9286.0,1,3,0,0
67,520,9517.0,4,4,1,0
74,533,9748.0,7,1,0,1
21,546,9979.0,10,2,1,0
28,559,10210.0,2,3,0,0
35,572,10441.0,5,4,1,0
42,585,10672.0,8,1,0,0
49,598,10903.0,0,2,1,0
56,611,11134.0,3,3,0,0
63,624,11365.0,6,4,1,0
70,637,11596.0,9,1,0,1
77,650,11827.0,1,2,1,0
24,663,12058.0,4,3,0,0
31,676,12289.0,7,4,1,0
38,689,12520.0,10,1,0,0
45,702,12751.0,2,2,1,0
52,715,12982.0,5,3,0,0
59,728,13213.0,8,4,1,0
66,741,13444.0,0,1,0,1
73,754,13675.0,3,2,1,0
20,767,13906.0,6,3,0,0
27,780,14137.0,9,4,1,0
34,793,14368.0,1,1,0,0
41,806,14599.0,4,2,1,0
48,819,14830.0,7,3,0,0
55,832,15061.0,10,4,1,0
62,845,15292.0,2,1,0,1
69,307,15523.0,5,2,1,1
76,320,15754.0,8,3,0,1
23,333,15985.0,0,4,1,1
30,346,16216.0,3,1,0,1
37,359,16447.0,6,2,1,1
44,372,16678.0,9,3,0,1
51,385,16909.0,1,4,1,1
58,398,17140.0,4,1,0,1
65,411,17371.0,7,2,1,1
72,424,17602.0,10,3,0,1
19,437,17833.0,2,4,1,1
26,450,18064.0,5,1,0,1
33,463,18295.0,8,2,1,1
40,476,18526.0,0,3,0,1
47,489,18757.0,3,4,1,1
54,502,18988.0,6,1,0,0
61,515,19219.0,9,2,1,0
68,528,19450.0,1,3,0,0
75,541,19681.0,4,4,1,0
22,554,19912.0,7,1,0,0
29,567,20143.0,10,2,1,0
36,580,20374.0,2,3,0,0
43,593,20605.0,5,4,1,0
50,606,20836.0,8,1,0,0
57,619,21067.0,0,2,1,0
64,632,21298.0,3,3,0,0
71,645,21529.0,6,4,1,0
18,658,21760.0,9,1,0,0
25,671,21991.0,1,2,1,0
32,684,22222.0,4,3,0,0
39,697,22453.0,7,4,1,0
46,710,22684.0,10,1,0,0
53,723,22915.0,2,2,1,0
60,736,23146.0,5,3,0,0
67,749,23377.0,8,4,1,0
74,762,23608.0,0,1,0,1
21,775,23839.0,3,2,1,0
28,788,24070.0,6,3,0,0
35,801,24301.0,9,4,1,0
42,814,24532.0,1,1,0,0
49,827,24763.0,4,2,1,0
56,840,24994.0,7,3,0,0
63,302,25225.0,10,4,1,1
70,315,25456.0,2,1,0,1
77,328,25687.0,5,2,1,1
24,341,25918.0,8,3,0,1
31,354,26149.0,0,4,1,1
38,367,26380.0,3,1,0,1
45,380,26611.0,6,2,1,1
52,393,26842.0,9,3,0,1
59,406,27073.0,1,4,1,1
66,419,27304.0,4,1,0,1
73,432,27535.0,7,2,1,1
20,445,27766.0,10,3,0,1
27,458,27997.0,2,4,1,1
34,471,28228.0,5,1,0,1
41,484,28459.0,8,2,1,1
48,497,28690.0,0,3,0,1
55,510,28921.0,3,4,1,0
62,523,29152.0,6,1,0,1
69,536,29383.0,9,2,1,0
76,549,29614.0,1,3,0,0
23,562,29845.0,4,4,1,0
30,575,30076.0,7,1,0,0
37,588,30307.0,10,2,1,0
44,601,30538.0,2,3,0,0
51,614,30769.0,5,4,1,0
58,627,31000.0,8,1,0,1
65,640,31231.0,0,2,1,0
72,653,31462.0,3,3,0,0
19,666,31693.0,6,4,1,0
26,679,31924.0,9,1,0,0
33,692,32155.0,1,2,1,0
40,705,32386.0,4,3,0,0
47,718,32617.0,7,4,1,0
54,731,32848.0,10,1,0,0
61,744,33079.0,2,2,1,0
68,757,33310.0,5,3,0,0
75,770,33541.0,8,4,1,0
22,783,33772.0,0,1,0,0
29,796,34003.0,3,2,1,0
36,809,34234.0,6,3,0,0
43,822,34465.0,9,4,1,0
50,835,34696.0,1,1,0,0
57,848,34927.0,4,2,1,0
64,310,35158.0,7,3,0,1
71,323,35389.0,10,4,1,1
18,336,35620.0,2,1,0,1
25,349,35851.0,5,2,1,1
32,362,36082.0,8,3,0,1
39,375,36313.0,0,4,1,1
46,388,36544.0,3,1,0,1
53,401,36775.0,6,2,1,1
60,414,37006.0,9,3,0,1
67,427,37237.0,1,4,1,1
74,440,37468.0,4,1,0,1
21,453,37699.0,7,2,1,1
28,466,37930.0,10,3,0,1
35,479,38161.0,2,4,1,1
42,492,38392.0,5,1,0,1
49,505,38623.0,8,2,1,0
56,518,38854.0,0,3,0,0
63,531,39085.0,3,4,1,0
70,544,39316.0,6,1,0,1
77,557,39547.0,9,2,1,0
24,570,39778.0,1,3,0,0
31,583,40009.0,4,4,1,0
38,596,40240.0,7,1,0,0
45,609,40471.0,10,2,1,0
52,622,40702.0,2,3,0,0
59,635,40933.0,5,4,1,0
66,648,41164.0,8,1,0,1
73,661,41395.0,0,2,1,0
20,674,41626.0,3,3,0,0
27,687,41857.0,6,4,1,0
34,700,42088.0,9,1,0,0
41,713,42319.0,1,2,1,0
48,726,42550.0,4,3,0,0
55,739,42781.0,7,4,1,0
62,752,43012.0,10,1,0,1
69,765,43243.0,2,2,1,0
76,778,43474.0,5,3,0,0
23,791,43705.0,8,4,1,0
30,804,43936.0,0,1,0,0
37,817,44167.0,3,2,1,0
44,830,44398.0,6,3,0,0
51,843,44629.0,9,4,1,0
58,305,44860.0,1,1,0,1
65,318,45091.0,4,2,1,1
72,331,45322.0,7,3,0,1
19,344,45553.0,10,4,1,1
26,357,45784.0,2,1,0,1
33,370,46015.0,5,2,1,1
40,383,46246.0,8,3,0,1
47,396,46477.0,0,4,1,1
54,409,46708.0,3,1,0,1
61,422,46939.0,6,2,1,1
68,435,47170.0,9,3,0,1
75,448,47401.0,1,4,1,1
22,461,47632.0,4,1,0,1
29,474,47863.0,7,2,1,1
36,487,48094.0,10,3,0,1
43,500,48325.0,2,4,1,0
50,513,48556.0,5,1,0,0
57,526,48787.0,8,2,1,0
64,539,49018.0,0,3,0,0
71,552,49249.0,3,4,1,0
18,565,49480.0,6,1,0,0
25,578,49711.0,9,2,1,0
32,591,49942.0,1,3,0,0
39,604,50173.0,4,4,1,0
46,617,50404.0,7,1,0,0
53,630,50635.0,10,2,1,0
60,643,50866.0,2,3,0,0
67,656,51097.0,5,4,1,0
74,669,51328.0,8,1,0,1
21,682,51559.0,0,2,1,0
28,695,51790.0,3,3,0,0
35,708,52021.0,6,4,1,0
42,721,52252.0,9,1,0,0
49,734,52483.0,1,2,1,0
56,747,52714.0,4,3,0,0
63,760,52945.0,7,4,1,0
70,773,53176.0,10,1,0,1
77,786,53407.0,2,2,1,0
24,799,53638.0,5,3,0,0
31,812,53869.0,8,4,1,0
38,825,54100.0,0,1,0,0
45,838,54331.0,3,2,1,0
52,300,54562.0,6,3,0,1
59,313,54793.0,9,4,1,1
66,326,55024.0,1,1,0,1
73,339,55255.0,4,2,1,1
20,352,55486.0,7,3,0,1
27,365,55717.0,10,4,1,1
34,378,55948.0,2,1,0,1
41,391,56179.0,5,2,1,1
48,404,56410.0,8,3,0,1
55,417,56641.0,0,4,1,1
62,430,56872.0,3,1,0,1
69,443,57103.0,6,2,1,1
76,456,57334.0,9,3,0,1
23,469,57565.0,1,4,1,1
30,482,57796.0,4,1,0,1
37,495,58027.0,7,2,1,1
44,508,58258.0,10,3,0,0
51,521,58489.0,2,4,1,0
58,534,58720.0,5,1,0,1
65,547,58951.0,8,2,1,0
72,560,59182.0,0,3,0,0
19,573,59413.0,3,4,1,0
26,586,59644.0,6,1,0,0
33,599,59875.0,9,2,1,0
40,612,60106.0,1,3,0,0
47,625,60337.0,4,4,1,0
54,638,60568.0,7,1,0,0
61,651,60799.0,10,2,1,0
68,664,61030.0,2,3,0,0
75,677,61261.0,5,4,1,0
22,690,61492.0,8,1,0,0
29,703,61723.0,0,2,1,0
36,716,61954.0,3,3,0,0
43,729,62185.0,6,4,1,0
50,742,62416.0,9,1,0,0
57,755,62647.0,1,2,1,0
64,768,62878.0,4,3,0,0
71,781,63109.0,7,4,1,0
18,794,63340.0,10,1,0,0
25,807,63571.0,2,2,1,0
32,820,63802.0,5,3,0,0
39,833,64033.0,8,4,1,0
46,846,64264.0,0,1,0,0
53,308,64495.0,3,2,1,1
60,321,64726.0,6,3,0,1
67,334,64957.0,9,4,1,1
74,347,65188.0,1,1,0,1
21,360,65419.0,4,2,1,1
28,373,65650.0,7,3,0,1
35,386,65881.0,10,4,1,1
42,399,66112.0,2,1,0,1
49,412,66343.0,5,2,1,1
56,425,66574.0,8,3,0,1
63,438,66805.0,0,4,1,1
70,451,67036.0,3,1,0,1
77,464,67267.0,6,2,1,1
24,477,67498.0,9,3,0,1
31,490,67729.0,1,4,1,1
38,503,67960.0,4,1,0,0
45,516,68191.0,7,2,1,0
52,529,68422.0,10,3,0,0
59,542,68653.0,2,4,1,0
66,555,68884.0,5,1,0,1
73,568,69115.0,8,2,1,0
20,581,69346.0,0,3,0,0
27,594,69577.0,3,4,1,0
34,607,69808.0,6,1,0,0
41,620,70039.0,9,2,1,0
48,633,70270.0,1,3,0,0
55,646,70501.0,4,4,1,0
62,659,70732.0,7,1,0,1
69,672,70963.0,10,2,1,0
76,685,71194.0,2,3,0,0
23,698,71425.0,5,4,1,0
30,711,71656.0,8,1,0,0
37,724,71887.0,0,2,1,0
44,737,72118.0,3,3,0,0
51,750,72349.0,6,4,1,0
58,763,72580.0,9,1,0,1
65,776,72811.0,1,2,1,0
72,789,73042.0,4,3,0,0
19,802,73273.0,7,4,1,0
26,815,73504.0,10,1,0,0
33,828,73735.0,2,2,1,0
40,841,73966.0,5,3,0,0
47,303,74197.0,8,4,1,1
54,316,74428.0,0,1,0,1
61,329,74659.0,3,2,1,1
68,342,74890.0,6,3,0,1
75,355,75121.0,9,4,1,1
22,368,75352.0,1,1,0,1
29,381,75583.0,4,2,1,1
36,394,75814.0,7,3,0,1
43,407,76045.0,10,4,1,1
50,420,76276.0,2,1,0,1
57,433,76507.0,5,2,1,1
64,446,76738.0,8,3,0,1
71,459,76969.0,0,4,1,1
18,472,77200.0,3,1,0,1
25,485,77431.0,6,2,1,1
32,498,77662.0,9,3,0,1
39,511,77893.0,1,4,1,0
46,524,78124.0,4,1,0,0
53,537,78355.0,7,2,1,0
60,550,78586.0,10,3,0,0
67,563,78817.0,2,4,1,0
74,576,79048.0,5,1,0,1
21,589,79279.0,8,2,1,0
28,602,79510.0,0,3,0,0
35,615,79741.0,3,4,1,0
42,628,79972.0,6,1,0,0
49,641,80203.0,9,2,1,0
56,654,80434.0,1,3,0,0
63,667,80665.0,4,4,1,0
70,680,80896.0,7,1,0,1
77,693,81127.0,10,2,1,0
24,706,81358.0,2,3,0,0
31,719,81589.0,5,4,1,0
38,732,81820.0,8,1,0,0
45,745,82051.0,0,2,1,0
52,758,82282.0,3,3,0,0
59,771,82513.0,6,4,1,0
66,784,82744.0,9,1,0,1
73,797,82975.0,1,2,1,0
20,810,83206.0,4,3,0,0
27,823,83437.0,7,4,1,0
34,836,83668.0,10,1,0,0
41,849,83899.0,2,2,1,0
48,311,84130.0,5,3,0,1
55,324,84361.0,8,4,1,1
62,337,84592.0,0,1,0,1
69,350,84823.0,3,2,1,1
76,363,85054.0,6,3,0,1
23,376,85285.0,9,4,1,1
30,389,85516.0,1,1,0,1
37,402,85747.0,4,2,1,1
44,415,85978.0,7,3,0,1
51,428,86209.0,10,4,1,1
58,441,86440.0,2,1,0,1
65,454,86671.0,5,2,1,1
72,467,86902.0,8,3,0,1
19,480,87133.0,0,4,1,1
26,493,87364.0,3,1,0,1
33,506,87595.0,6,2,1,0
40,519,87826.0,9,3,0,0
47,532,88057.0,1,4,1,0
54,545,88288.0,4,1,0,0
61,558,88519.0,7,2,1,0
68,571,88750.0,10,3,0,0
75,584,88981.0,2,4,1,0
22,597,89212.0,5,1,0,0
29,610,89443.0,8,2,1,0
36,623,89674.0,0,3,0,0
43,636,89905.0,3,4,1,0
50,649,90136.0,6,1,0,0
57,662,90367.0,9,2,1,0
64,675,90598.0,1,3,0,0
71,688,90829.0,4,4,1,0
18,701,91060.0,7,1,0,0
25,714,91291.0,10,2,1,0
32,727,91522.0,2,3,0,0
39,740,91753.0,5,4,1,0
46,753,91984.0,8,1,0,0
53,766,92215.0,0,2,1,0
60,779,92446.0,3,3,0,0
67,792,92677.0,6,4,1,0
74,805,92908.0,9,1,0,1
21,818,93139.0,1,2,1,0
28,831,93370.0,4,3,0,0
35,844,93601.0,7,4,1,0
42,306,93832.0,10,1,0,1
49,319,94063.0,2,2,1,1
56,332,94294.0,5,3,0,1
63,345,94525.0,8,4,1,1
70,358,94756.0,0,1,0,1
77,371,94987.0,3,2,1,1
24,384,95218.0,6,3,0,1
31,397,95449.0,9,4,1,1
38,410,95680.0,1,1,0,1
45,423,95911.0,4,2,1,1
52,436,96142.0,7,3,0,1
59,449,96373.0,10,4,1,1
66,462,96604.0,2,1,0,1
73,475,96835.0,5,2,1,1
20,488,97066.0,8,3,0,1
27,501,97297.0,0,4,1,0
34,514,97528.0,3,1,0,0
41,527,97759.0,6,2,1,0
48,540,97990.0,9,3,0,0
55,553,98221.0,1,4,1,0
62,566,98452.0,4,1,0,1
69,579,98683.0,7,2,1,0
76,592,98914.0,10,3,0,0
23,605,99145.0,2,4,1,0
30,618,99376.0,5,1,0,0
37,631,99607.0,8,2,1,0
44,644,99838.0,0,3,0,0
51,657,100069.0,3,4,1,0
58,670,100300.0,6,1,0,1
65,683,100531.0,9,2,1,0
72,696,100762.0,1,3,0,0
19,709,100993.0,4,4,1,0
26,722,101224.0,7,1,0,0
33,735,101455.0,10,2,1,0
40,748,101686.0,2,3,0,0
47,761,101917.0,5,4,1,0
54,774,102148.0,8,1,0,0
61,787,102379.0,0,2,1,0
68,800,102610.0,3,3,0,0
75,813,102841.0,6,4,1,0
22,826,103072.0,9,1,0,0
29,839,103303.0,1,2,1,0
36,301,103534.0,4,3,0,1
43,314,103765.0,7,4,1,1
50,327,103996.0,10,1,0,1
57,340,104227.0,2,2,1,1
64,353,104458.0,5,3,0,1
71,366,104689.0,8,4,1,1
18,379,104920.0,0,1,0,1
25,392,105151.0,3,2,1,1
32,405,105382.0,6,3,0,1
39,418,105613.0,9,4,1,1
46,431,105844.0,1,1,0,1
53,444,106075.0,4,2,1,1
60,457,106306.0,7,3,0,1
67,470,106537.0,10,4,1,1
74,483,106768.0,2,1,0,1
21,496,106999.0,5,2,1,1
28,509,107230.0,8,3,0,0
35,522,107461.0,0,4,1,0
42,535,107692.0,3,1,0,0
49,548,107923.0,6,2,1,0
56,561,108154.0,9,3,0,0
63,574,108385.0,1,4,1,0
70,587,108616.0,4,1,0,1
77,600,108847.0,7,2,1,0
24,613,109078.0,10,3,0,0
31,626,109309.0,2,4,1,0
38,639,109540.0,5,1,0,0
45,652,109771.0,8,2,1,0
52,665,110002.0,0,3,0,0
59,678,110233.0,3,4,1,0
66,691,110464.0,6,1,0,1
73,704,110695.0,9,2,1,0
20,717,110926.0,1,3,0,0
27,730,111157.0,4,4,1,0
34,743,111388.0,7,1,0,0
41,756,111619.0,10,2,1,0
48,769,111850.0,2,3,0,0
55,782,112081.0,5,4,1,0
62,795,112312.0,8,1,0,1
69,808,112543.0,0,2,1,0
76,821,112774.0,3,3,0,0
23,834,113005.0,6,4,1,0
30,847,113236.0,9,1,0,0
37,309,113467.0,1,2,1,1
44,322,113698.0,4,3,0,1
51,335,113929.0,7,4,1,1
58,348,114160.0,10,1,0,1
65,361,114391.0,2,2,1,1
72,374,114622.0,5,3,0,1
19,387,114853.0,8,4,1,1
26,400,115084.0,0,1,0,1
33,413,115315.0,3,2,1,1
40,426,115546.0,6,3,0,1
47,439,115777.0,9,4,1,1
54,452,116008.0,1,1,0,1
61,465,116239.0,4,2,1,1
68,478,116470.0,7,3,0,1
75,491,116701.0,10,4,1,1
22,504,116932.0,2,1,0,0
29,517,117163.0,5,2,1,0
36,530,117394.0,8,3,0,0
43,543,117625.0,0,4,1,0
50,556,117856.0,3,1,0,0
57,569,118087.0,6,2,1,0
64,582,118318.0,9,3,0,0
71,595,118549.0,1,4,1,0
18,608,118780.0,4,1,0,0
25,621,119011.0,7,2,1,0
32,634,119242.0,10,3,0,0
39,647,119473.0,2,4,1,0
46,660,119704.0,5,1,0,0
53,673,119935.0,8,2,1,0
60,686,120166.0,0,3,0,1
67,699,120397.0,3,4,1,0
74,712,120628.0,6,1,0,1
21,725,120859.0,9,2,1,0
28,738,121090.0,1,3,0,1
35,751,121321.0,4,4,1,0
42,764,121552.0,7,1,0,1
49,777,121783.0,10,2,1,0
56,790,122014.0,2,3,0,1
63,803,122245.0,5,4,1,0
70,816,122476.0,8,1,0,1
77,829,122707.0,0,2,1,0
24,842,122938.0,3,3,0,1
31,304,123169.0,6,4,1,1
38,317,123400.0,9,1,0,1
45,330,123631.0,1,2,1,1
52,343,123862.0,4,3,0,1
59,356,124093.0,7,4,1,1
66,369,124324.0,10,1,0,1
73,382,124555.0,2,2,1,1
20,395,124786.0,5,3,0,1
27,408,125017.0,8,4,1,1
34,421,125248.0,0,1,0,1
41,434,125479.0,3,2,1,1
48,447,125710.0,6,3,0,1
55,460,125941.0,9,4,1,1
62,473,126172.0,1,1,0,1
69,486,126403.0,4,2,1,1
76,499,126634.0,7,3,0,1
23,512,126865.0,10,4,1,0
30,525,127096.0,2,1,0,1
37,538,127327.0,5,2,1,0
44,551,127558.0,8,3,0,1
51,564,127789.0,0,4,1,0
58,577,128020.0,3,1,0,1
65,590,128251.0,6,2,1,0
72,603,128482.0,9,3,0,1
19,616,128713.0,1,4,1,0
26,629,128944.0,4,1,0,1
33,642,129175.0,7,2,1,0
40,655,129406.0,10,3,0,1
47,668,129637.0,2,4,1,0
54,681,129868.0,5,1,0,1
61,694,130099.0,8,2,1,0
68,707,130330.0,0,3,0,1
75,720,130561.0,3,4,1,0
22,733,130792.0,6,1,0,1
29,746,131023.0,9,2,1,0
36,759,131254.0,1,3,0,1
43,772,131485.0,4,4,1,0
50,785,131716.0,7,1,0,1
57,798,131947.0,10,2,1,0
64,811,132178.0,2,3,0,1
71,824,132409.0,5,4,1,0
18,837,132640.0,8,1,0,1
25,850,132871.0,0,2,1,0
32,312,133102.0,3,3,0,1
39,325,133333.0,6,4,1,1
46,338,133564.0,9,1,0,1
53,351,133795.0,1,2,1,1
60,364,134026.0,4,3,0,1
67,377,134257.0,7,4,1,1
74,390,134488.0,10,1,0,1
21,403,134719.0,2,2,1,1
28,416,134950.0,5,3,0,1
35,429,135181.0,8,4,1,1
42,442,135412.0,0,1,0,1
49,455,135643.0,3,2,1,1
56,468,135874.0,6,3,0,1
63,481,136105.0,9,4,1,1
70,494,136336.0,1,1,0,1
77,507,136567.0,4,2,1,0
24,520,136798.0,7,3,0,1
31,533,137029.0,10,4,1,0
38,546,137260.0,2,1,0,1
45,559,137491.0,5,2,1,0
52,572,137722.0,8,3,0,1
59,585,137953.0,0,4,1,0
66,598,138184.0,3,1,0,1
73,611,138415.0,6,2,1,0
20,624,138646.0,9,3,0,1
27,637,138877.0,1,4,1,0
34,650,139108.0,4,1,0,1
41,663,139339.0,7,2,1,0
48,676,139570.0,10,3,0,1
55,689,139801.0,2,4,1,0
62,702,140032.0,5,1,0,1
69,715,140263.0,8,2,1,0
76,728,140494.0,0,3,0,1
23,741,140725.0,3,4,1,0
30,754,140956.0,6,1,0,1
37,767,141187.0,9,2,1,0
44,780,141418.0,1,3,0,1
51,793,141649.0,4,4,1,0
58,806,141880.0,7,1,0,1
65,819,142111.0,10,2,1,0
72,832,142342.0,2,3,0,1
19,845,142573.0,5,4,1,0
26,307,142804.0,8,1,0,1
33,320,143035.0,0,2,1,1
40,333,143266.0,3,3,0,1
47,346,143497.0,6,4,1,1
54,359,143728.0,9,1,0,1
61,372,143959.0,1,2,1,1
68,385,144190.0,4,3,0,1
75,398,144421.0,7,4,1,1
22,411,144652.0,10,1,0,1
29,424,144883.0,2,2,1,1
36,437,145114.0,5,3,0,1
43,450,145345.0,8,4,1,1
50,463,145576.0,0,1,0,1
57,476,145807.0,3,2,1,1
64,489,146038.0,6,3,0,1
71,502,146269.0,9,4,1,0
18,515,146500.0,1,1,0,1
25,528,146731.0,4,2,1,0
32,541,146962.0,7,3,0,1
39,554,147193.0,10,4,1,0
46,567,147424.0,2,1,0,1
53,580,147655.0,5,2,1,0
60,593,147886.0,8,3,0,1
67,606,148117.0,0,4,1,0
74,619,148348.0,3,1,0,1
21,632,148579.0,6,2,1,0
28,645,148810.0,9,3,0,1
35,658,149041.0,1,4,1,0
42,671,149272.0,4,1,0,1
49,684,149503.0,7,2,1,0
56,697,149734.0,10,3,0,1
63,710,149965.0,2,4,1,0
70,723,150196.0,5,1,0,1
77,736,150427.0,8,2,1,0
24,749,150658.0,0,3,0,1
31,762,150889.0,3,4,1,0
38,775,151120.0,6,1,0,1
45,788,151351.0,9,2,1,0
52,801,151582.0,1,3,0,1
59,814,151813.0,4,4,1,0
66,827,152044.0,7,1,0,1
73,840,152275.0,10,2,1,0
20,302,152506.0,2,3,0,1
27,315,152737.0,5,4,1,1
34,328,152968.0,8,1,0,1
41,341,153199.0,0,2,1,1
48,354,153430.0,3,3,0,1
55,367,153661.0,6,4,1,1
62,380,153892.0,9,1,0,1
69,393,154123.0,1,2,1,1
76,406,154354.0,4,3,0,1
23,419,154585.0,7,4,1,1
30,432,154816.0,10,1,0,1
37,445,155047.0,2,2,1,1
44,458,155278.0,5,3,0,1
51,471,155509.0,8,4,1,1
58,484,155740.0,0,1,0,1
65,497,155971.0,3,2,1,1
72,510,156202.0,6,3,0,1
19,523,156433.0,9,4,1,0
26,536,156664.0,1,1,0,1
33,549,156895.0,4,2,1,0
40,562,157126.0,7,3,0,1
47,575,157357.0,10,4,1,0
54,588,157588.0,2,1,0,1
61,601,157819.0,5,2,1,0
68,614,158050.0,8,3,0,1
75,627,158281.0,0,4,1,0
22,640,158512.0,3,1,0,1
29,653,158743.0,6,2,1,0
36,666,158974.0,9,3,0,1
43,679,159205.0,1,4,1,0
50,692,159436.0,4,1,0,1
57,705,159667.0,7,2,1,0
64,718,159898.0,10,3,0,1
71,731,160129.0,2,4,1,0
18,744,160360.0,5,1,0,1
25,757,160591.0,8,2,1,0
32,770,160822.0,0,3,0,1
39,783,161053.0,3,4,1,0
46,796,161284.0,6,1,0,1
53,809,161515.0,9,2,1,0
60,822,161746.0,1,3,0,1
67,835,161977.0,4,4,1,0
74,848,162208.0,7,1,0,1
21,310,162439.0,10,2,1,1
28,323,162670.0,2,3,0,1
35,336,162901.0,5,4,1,1
42,349,163132.0,8,1,0,1
49,362,163363.0,0,2,1,1
56,375,163594.0,3,3,0,1
63,388,163825.0,6,4,1,1
70,401,164056.0,9,1,0,1
77,414,164287.0,1,2,1,1
24,427,164518.0,4,3,0,1
31,440,164749.0,7,4,1,1
38,453,164980.0,10,1,0,1
45,466,165211.0,2,2,1,1
52,479,165442.0,5,3,0,1
59,492,165673.0,8,4,1,1
66,505,165904.0,0,1,0,1
73,518,166135.0,3,2,1,0
20,531,166366.0,6,3,0,1
27,544,166597.0,9,4,1,0
34,557,166828.0,1,1,0,1
41,570,167059.0,4,2,1,0
48,583,167290.0,7,3,0,1
55,596,167521.0,10,4,1,0
62,609,167752.0,2,1,0,1
69,622,167983.0,5,2,1,0
76,635,168214.0,8,3,0,1
23,648,168445.0,0,4,1,0
30,661,168676.0,3,1,0,1
37,674,168907.0,6,2,1,0
44,687,169138.0,9,3,0,1
51,700,169369.0,1,4,1,0
58,713,169600.0,4,1,0,1
65,726,169831.0,7,2,1,0
72,739,170062.0,10,3,0,1
19,752,170293.0,2,4,1,0
26,765,170524.0,5,1,0,1
33,778,170755.0,8,2,1,0
40,791,170986.0,0,3,0,1
47,804,171217.0,3,4,1,0
54,817,171448.0,6,1,0,1
61,830,171679.0,9,2,1,0
68,843,171910.0,1,3,0,1
75,305,172141.0,4,4,1,1
22,318,172372.0,7,1,0,1
29,331,172603.0,10,2,1,1
36,344,172834.0,2,3,0,1
43,357,173065.0,5,4,1,1
50,370,173296.0,8,1,0,1
57,383,173527.0,0,2,1,1
64,396,173758.0,3,3,0,1
71,409,173989.0,6,4,1,1
18,422,174220.0,9,1,0,1
25,435,174451.0,1,2,1,1
32,448,174682.0,4,3,0,1
39,461,174913.0,7,4,1,1
46,474,175144.0,10,1,0,1
53,487,175375.0,2,2,1,1
60,500,175606.0,5,3,0,1
67,513,175837.0,8,4,1,0
74,526,176068.0,0,1,0,1
21,539,176299.0,3,2,1,0
28,552,176530.0,6,3,0,1
35,565,176761.0,9,4,1,0
42,578,176992.0,1,1,0,1
49,591,177223.0,4,2,1,0
56,604,177454.0,7,3,0,1
63,617,177685.0,10,4,1,0
70,630,177916.0,2,1,0,1
77,643,178147.0,5,2,1,0
24,656,178378.0,8,3,0,1
31,669,178609.0,0,4,1,0
38,682,178840.0,3,1,0,1
45,695,179071.0,6,2,1,0
52,708,179302.0,9,3,0,1
59,721,179533.0,1,4,1,0
66,734,179764.0,4,1,0,1
73,747,179995.0,7,2,1,0
20,760,180226.0,10,3,0,1
27,773,180457.0,2,4,1,0
34,786,180688.0,5,1,0,1
41,799,180919.0,8,2,1,0
48,812,181150.0,0,3,0,1
55,825,181381.0,3,4,1,0
62,838,181612.0,6,1,0,1
69,300,181843.0,9,2,1,1
76,313,182074.0,1,3,0,1
23,326,182305.0,4,4,1,1
30,339,182536.0,7,1,0,1
37,352,182767.0,10,2,1,1
44,365,182998.0,2,3,0,1
51,378,183229.0,5,4,1,1
58,391,183460.0,8,1,0,1
65,404,183691.0,0,2,1,1
72,417,183922.0,3,3,0,1
19,430,184153.0,6,4,1,1
26,443,184384.0,9,1,0,1
33,456,184615.0,1,2,1,1
40,469,184846.0,4,3,0,1
47,482,185077.0,7,4,1,1
54,495,185308.0,10,1,0,1
61,508,185539.0,2,2,1,0
68,521,185770.0,5,3,0,1
75,534,186001.0,8,4,1,0
22,547,186232.0,0,1,0,1
29,560,186463.0,3,2,1,0
36,573,186694.0,6,3,0,1
43,586,186925.0,9,4,1,0
50,599,187156.0,1,1,0,1
57,612,187387.0,4,2,1,0
64,625,187618.0,7,3,0,1
71,638,187849.0,10,4,1,0
18,651,188080.0,2,1,0,1
25,664,188311.0,5,2,1,0
32,677,188542.0,8,3,0,1
39,690,188773.0,0,4,1,0
46,703,189004.0,3,1,0,1
53,716,189235.0,6,2,1,0
60,729,189466.0,9,3,0,1
67,742,189697.0,1,4,1,0
74,755,189928.0,4,1,0,1
21,768,190159.0,7,2,1,0
28,781,190390.0,10,3,0,1
35,794,190621.0,2,4,1,0
42,807,190852.0,5,1,0,1
49,820,191083.0,8,2,1,0
56,833,191314.0,0,3,0,1
63,846,191545.0,3,4,1,0
70,308,191776.0,6,1,0,1
77,321,192007.0,9,2,1,1
24,334,192238.0,1,3,0,1
31,347,192469.0,4,4,1,1
38,360,192700.0,7,1,0,1
45,373,192931.0,10,2,1,1
52,386,193162.0,2,3,0,1
59,399,193393.0,5,4,1,1
66,412,193624.0,8,1,0,1
73,425,193855.0,0,2,1,1
20,438,194086.0,3,3,0,1
27,451,194317.0,6,4,1,1
34,464,194548.0,9,1,0,1
41,477,194779.0,1,2,1,1
48,490,195010.0,4,3,0,1
55,503,195241.0,7,4,1,0
62,516,195472.0,10,1,0,1
69,529,195703.0,2,2,1,0
76,542,195934.0,5,3,0,1
23,555,196165.0,8,4,1,0
30,568,196396.0,0,1,0,1
37,581,196627.0,3,2,1,0
44,594,196858.0,6,3,0,1
51,607,197089.0,9,4,1,0
58,620,197320.0,1,1,0,1
65,633,197551.0,4,2,1,0
72,646,197782.0,7,3,0,1
19,659,198013.0,10,4,1,0
26,672,198244.0,2,1,0,1
33,685,198475.0,5,2,1,0
40,698,198706.0,8,3,0,1
47,711,198937.0,0,4,1,0
54,724,199168.0,3,1,0,1
61,737,199399.0,6,2,1,0
68,750,199630.0,9,3,0,1
75,763,199861.0,1,4,1,0
22,776,92.0,4,1,0,0
29,789,323.0,7,2,1,0
36,802,554.0,10,3,0,0
43,815,785.0,2,4,1,0
50,828,1016.0,5,1,0,0
57,841,1247.0,8,2,1,0
64,303,1478.0,0,3,0,1
71,316,1709.0,3,4,1,1
18,329,1940.0,6,1,0,1
25,342,2171.0,9,2,1,1
32,355,2402.0,1,3,0,1
39,368,2633.0,4,4,1,1
46,381,2864.0,7,1,0,1
53,394,3095.0,10,2,1,1
60,407,3326.0,2,3,0,1
67,420,3557.0,5,4,1,1
74,433,3788.0,8,1,0,1
21,446,4019.0,0,2,1,1
28,459,4250.0,3,3,0,1
35,472,4481.0,6,4,1,1
42,485,4712.0,9,1,0,1
49,498,4943.0,1,2,1,1
56,511,5174.0,4,3,0,0
63,524,5405.0,7,4,1,0
70,537,5636.0,10,1,0,1
77,550,5867.0,2,2,1,0
24,563,6098.0,5,3,0,0
31,576,6329.0,8,4,1,0
38,589,6560.0,0,1,0,0
45,602,6791.0,3,2,1,0
52,615,7022.0,6,3,0,0
59,628,7253.0,9,4,1,0
66,641,7484.0,1,1,0,1
73,654,7715.0,4,2,1,0
20,667,7946.0,7,3,0,0
27,680,8177.0,10,4,1,0
34,693,8408.0,2,1,0,0
41,706,8639.0,5,2,1,0
48,719,8870.0,8,3,0,0
55,732,9101.0,0,4,1,0
62,745,9332.0,3,1,0,1
69,758,9563.0,6,2,1,0
76,771,9794.0,9,3,0,0
23,784,10025.0,1,4,1,0
30,797,10256.0,4,1,0,0
37,810,10487.0,7,2,1,0
44,823,10718.0,10,3,0,0
51,836,10949.0,2,4,1,0
58,849,11180.0,5,1,0,1
65,311,11411.0,8,2,1,1
72,324,11642.0,0,3,0,1
19,337,11873.0,3,4,1,1
26,350,12104.0,6,1,0,1
33,363,12335.0,9,2,1,1
40,376,12566.0,1,3,0,1
47,389,12797.0,4,4,1,1
54,402,13028.0,7,1,0,1
61,415,13259.0,10,2,1,1
68,428,13490.0,2,3,0,1
75,441,13721.0,5,4,1,1
22,454,13952.0,8,1,0,1
29,467,14183.0,0,2,1,1
36,480,14414.0,3,3,0,1
43,493,14645.0,6,4,1,1
50,506,14876.0,9,1,0,0
57,519,15107.0,1,2,1,0
64,532,15338.0,4,3,0,0
71,545,15569.0,7,4,1,0
18,558,15800.0,10,1,0,0
25,571,16031.0,2,2,1,0
32,584,16262.0,5,3,0,0
39,597,16493.0,8,4,1,0
46,610,16724.0,0,1,0,0
53,623,16955.0,3,2,1,0
60,636,17186.0,6,3,0,0
67,649,17417.0,9,4,1,0
74,662,17648.0,1,1,0,1
21,675,17879.0,4,2,1,0
28,688,18110.0,7,3,0,0
35,701,18341.0,10,4,1,0
42,714,18572.0,2,1,0,0
49,727,18803.0,5,2,1,0
56,740,19034.0,8,3,0,0
63,753,19265.0,0,4,1,0
70,766,19496.0,3,1,0,1
77,779,19727.0,6,2,1,0
24,792,19958.0,9,3,0,0
31,805,20189.0,1,4,1,0
38,818,20420.0,4,1,0,0
45,831,20651.0,7,2,1,0
52,844,20882.0,10,3,0,0
59,306,21113.0,2,4,1,1
66,319,21344.0,5,1,0,1
73,332,21575.0,8,2,1,1
20,345,21806.0,0,3,0,1
27,358,22037.0,3,4,1,1
34,371,22268.0,6,1,0,1
41,384,22499.0,9,2,1,1
48,397,22730.0,1,3,0,1
55,410,22961.0,4,4,1,1
62,423,23192.0,7,1,0,1
69,436,23423.0,10,2,1,1
76,449,23654.0,2,3,0,1
23,462,23885.0,5,4,1,1
30,475,24116.0,8,1,0,1
37,488,24347.0,0,2,1,1
44,501,24578.0,3,3,0,0
51,514,24809.0,6,4,1,0
58,527,25040.0,9,1,0,1
65,540,25271.0,1,2,1,0
72,553,25502.0,4,3,0,0
19,566,25733.0,7,4,1,0
26,579,25964.0,10,1,0,0
33,592,26195.0,2,2,1,0
40,605,26426.0,5,3,0,0
47,618,26657.0,8,4,1,0
54,631,26888.0,0,1,0,0
61,644,27119.0,3,2,1,0
68,657,27350.0,6,3,0,0
75,670,27581.0,9,4,1,0
22,683,27812.0,1,1,0,0
29,696,28043.0,4,2,1,0
36,709,28274.0,7,3,0,0
43,722,28505.0,10,4,1,0
50,735,28736.0,2,1,0,0
57,748,28967.0,5,2,1,0
64,761,29198.0,8,3,0,0
71,774,29429.0,0,4,1,0
18,787,29660.0,3,1,0,0
25,800,29891.0,6,2,1,0
32,813,30122.0,9,3,0,0
39,826,30353.0,1,4,1,0
46,839,30584.0,4,1,0,0
53,301,30815.0,7,2,1,1
60,314,31046.0,10,3,0,1
67,327,31277.0,2,4,1,1
74,340,31508.0,5,1,0,1
21,353,31739.0,8,2,1,1
28,366,31970.0,0,3,0,1
35,379,32201.0,3,4,1,1
42,392,32432.0,6,1,0,1
49,405,32663.0,9,2,1,1
56,418,32894.0,1,3,0,1
63,431,33125.0,4,4,1,1
70,444,33356.0,7,1,0,1
77,457,33587.0,10,2,1,1
24,470,33818.0,2,3,0,1
31,483,34049.0,5,4,1,1
38,496,34280.0,8,1,0,1
45,509,34511.0,0,2,1,0
52,522,34742.0,3,3,0,0
59,535,34973.0,6,4,1,0
66,548,35204.0,9,1,0,1
73,561,35435.0,1,2,1,0
20,574,35666.0,4,3,0,0
27,587,35897.0,7,4,1,0
34,600,36128.0,10,1,0,0
41,613,36359.0,2,2,1,0
48,626,36590.0,5,3,0,0
55,639,36821.0,8,4,1,0
62,652,37052.0,0,1,0,1
69,665,37283.0,3,2,1,0
76,678,37514.0,6,3,0,0
23,691,37745.0,9,4,1,0
30,704,37976.0,1,1,0,0
37,717,38207.0,4,2,1,0
44,730,38438.0,7,3,0,0
51,743,38669.0,10,4,1,0
58,756,38900.0,2,1,0,1
65,769,39131.0,5,2,1,0
72,782,39362.0,8,3,0,0
19,795,39593.0,0,4,1,0
26,808,39824.0,3,1,0,0
33,821,40055.0,6,2,1,0
40,834,40286.0,9,3,0,0
47,847,40517.0,1,4,1,0
54,309,40748.0,4,1,0,1
61,322,40979.0,7,2,1,1
68,335,41210.0,10,3,0,1
75,348,41441.0,2,4,1,1
22,361,41672.0,5,1,0,1
29,374,41903.0,8,2,1,1
36,387,42134.0,0,3,0,1
43,400,42365.0,3,4,1,1
50,413,42596.0,6,1,0,1
57,426,42827.0,9,2,1,1
64,439,43058.0,1,3,0,1
71,452,43289.0,4,4,1,1
18,465,43520.0,7,1,0,1
25,478,43751.0,10,2,1,1
32,491,43982.0,2,3,0,1
39,504,44213.0,5,4,1,0
46,517,44444.0,8,1,0,0
53,530,44675.0,0,2,1,0
60,543,44906.0,3,3,0,0
67,556,45137.0,6,4,1,0
74,569,45368.0,9,1,0,1
21,582,45599.0,1,2,1,0
28,595,45830.0,4,3,0,0
35,608,46061.0,7,4,1,0
42,621,46292.0,10,1,0,0
49,634,46523.0,2,2,1,0
56,647,46754.0,5,3,0,0
63,660,46985.0,8,4,1,0
70,673,47216.0,0,1,0,1
77,686,47447.0,3,2,1,0
24,699,47678.0,6,3,0,0
31,712,47909.0,9,4,1,0
38,725,48140.0,1,1,0,0
45,738,48371.0,4,2,1,0
52,751,48602.0,7,3,0,0
59,764,48833.0,10,4,1,0
66,777,49064.0,2,1,0,1
73,790,49295.0,5,2,1,0
20,803,49526.0,8,3,0,0
27,816,49757.0,0,4,1,0
34,829,49988.0,3,1,0,0
41,842,50219.0,6,2,1,0
48,304,50450.0,9,3,0,1
55,317,50681.0,1,4,1,1
62,330,50912.0,4,1,0,1
69,343,51143.0,7,2,1,1
76,356,51374.0,10,3,0,1
23,369,51605.0,2,4,1,1
30,382,51836.0,5,1,0,1
37,395,52067.0,8,2,1,1
44,408,52298.0,0,3,0,1
51,421,52529.0,3,4,1,1
58,434,52760.0,6,1,0,1
65,447,52991.0,9,2,1,1
72,460,53222.0,1,3,0,1
19,473,53453.0,4,4,1,1
26,486,53684.0,7,1,0,1
33,499,53915.0,10,2,1,1
40,512,54146.0,2,3,0,0
47,525,54377.0,5,4,1,0
54,538,54608.0,8,1,0,0
61,551,54839.0,0,2,1,0
68,564,55070.0,3,3,0,0
75,577,55301.0,6,4,1,0
22,590,55532.0,9,1,0,0
29,603,55763.0,1,2,1,0
36,616,55994.0,4,3,0,0
43,629,56225.0,7,4,1,0
50,642,56456.0,10,1,0,0
57,655,56687.0,2,2,1,0
64,668,56918.0,5,3,0,0
71,681,57149.0,8,4,1,0
18,694,57380.0,0,1,0,0
25,707,57611.0,3,2,1,0
32,720,57842.0,6,3,0,0
39,733,58073.0,9,4,1,0
46,746,58304.0,1,1,0,0
53,759,58535.0,4,2,1,0
60,772,58766.0,7,3,0,0
67,785,58997.0,10,4,1,0
74,798,59228.0,2,1,0,1
21,811,59459.0,5,2,1,0
28,824,59690.0,8,3,0,0
35,837,59921.0,0,4,1,0
42,850,60152.0,3,1,0,0
49,312,60383.0,6,2,1,1
56,325,60614.0,9,3,0,1
63,338,60845.0,1,4,1,1
70,351,61076.0,4,1,0,1
77,364,61307.0,7,2,1,1
24,377,61538.0,10,3,0,1
31,390,61769.0,2,4,1,1
